3    17042696    ASSAULT/BATTERY MISD.    7/20/17 0:00    37.863679, -122.26963
10    17020150    ASSAULT/BATTERY MISD.    4/11/17 0:00    37.858888, -122.264137
18    17035686    MISSING ADULT    6/14/17 0:00    37.861511, -122.29681
32    17041957    ROBBERY    7/19/17 0:00    37.868641, -122.29415
43    17020005    ASSAULT/BATTERY MISD.    4/10/17 0:00    37.868489, -122.26795
73    17057737    ASSAULT/BATTERY FEL.    9/24/17 0:00    37.866919, -122.258812
74    17034195    MISSING ADULT    6/14/17 0:00    37.863679, -122.26963
80    17047731    ASSAULT/BATTERY MISD.    8/14/17 0:00    37.856111, -122.260248
84    17055258    MISSING ADULT    9/10/17 0:00    37.878407, -122.267962
110    17042528    ASSAULT/BATTERY FEL.    7/21/17 0:00    37.874177, -122.297365
112    17053011    ROBBERY    9/5/17 0:00
113    17032475    THEFT FROM PERSON    6/6/17 0:00    37.869363, -122.268028
117    17040515    ASSAULT/BATTERY MISD.    7/13/17 0:00    37.858525, -122.266906
121    17044974    ASSAULT/BATTERY FEL.    8/2/17 0:00    37.877715, -122.309618
143    17028761    ASSAULT/BATTERY MISD.    5/21/17 0:00    37.873687, -122.268616
145    17024137    ASSAULT/BATTERY MISD.    4/30/17 0:00    37.867601, -122.267718
156    17026632    ROBBERY    5/11/17 0:00    37.865149, -122.256487
159    17034221    ROBBERY    6/14/17 0:00    37.883285, -122.274145
172    17058621    ROBBERY    9/28/17 0:00
178    17043196    ROBBERY    7/25/17 0:00    37.871167, -122.268285
181    17034375    ASSAULT/BATTERY FEL.    6/15/17 0:00    37.869363, -122.268028
183    17049725    ASSAULT/BATTERY FEL.    8/22/17 0:00    37.85177, -122.276489
188    17021587    ASSAULT/BATTERY MISD.    4/18/17 0:00    37.856595, -122.275064
209    17044086    ASSAULT/BATTERY FEL.    7/29/17 0:00    37.865875, -122.293523
223    17018805    ROBBERY    4/4/17 0:00    37.866568, -122.254084
227    17049513    ASSAULT/BATTERY MISD.    8/22/17 0:00    37.874781, -122.268758
232    17049358    MISSING ADULT    8/9/17 0:00    37.848752, -122.271331
235    17024856    ROBBERY    5/3/17 0:00    37.873607, -122.270903
241    17027793    ROBBERY    5/16/17 0:00    37.872599, -122.303889
247    17051884    ASSAULT/BATTERY MISD.    8/31/17 0:00    37.873687, -122.268616
253    17056796    THEFT FROM PERSON    9/20/17 0:00    37.869363, -122.268028
255    17033919    ASSAULT/BATTERY MISD.    6/13/17 0:00    37.877528, -122.275956
264    17029377    ASSAULT/BATTERY MISD.    5/24/17 0:00
287    17048165    ASSAULT/BATTERY MISD.    8/16/17 0:00    37.871828, -122.270516
298    17039368    THEFT FROM PERSON    7/7/17 0:00    37.868957, -122.254552
314    17022602    MISSING ADULT    4/22/17 0:00    37.861511, -122.29681
319    17027130    MISSING JUVENILE    5/13/17 0:00    37.878798, -122.294284
321    17023362    GUN/WEAPON    4/27/17 0:00    37.869973, -122.270557
332    17039333    THEFT FROM PERSON    7/7/17 0:00    37.853275, -122.279078
339    17056294    ASSAULT/BATTERY MISD.    9/18/17 0:00    37.862393, -122.248851
340    17050824    ASSAULT/BATTERY FEL.    8/27/17 0:00
343    17026604    ASSAULT/BATTERY MISD.    5/11/17 0:00    37.866919, -122.258812
351    17030447    ROBBERY    5/28/17 0:00    37.891214, -122.282158
368    17032908    ASSAULT/BATTERY MISD.    6/8/17 0:00    37.870583, -122.265956
374    17025627    ASSAULT/BATTERY FEL.    5/6/17 0:00    37.863373, -122.296893
375    17040910    MISSING JUVENILE    7/14/17 0:00    37.851503, -122.278518
377    17034567    ASSAULT/BATTERY MISD.    6/16/17 0:00    37.871268, -122.30106
394    17058143    ROBBERY    9/26/17 0:00    37.881433, -122.272921
409    17024828    ASSAULT/BATTERY MISD.    5/3/17 0:00    37.8549, -122.27945
418    17034549    ASSAULT/BATTERY MISD.    6/16/17 0:00    37.877323, -122.264273
420    17047417    ASSAULT/BATTERY FEL.    8/13/17 0:00    37.868714, -122.259189
432    17020918    ASSAULT/BATTERY MISD.    4/15/17 0:00
436    17057721    GUN/WEAPON    9/24/17 0:00    37.870054, -122.284263
440    17048747    ASSAULT/BATTERY FEL.    8/19/17 0:00    37.868489, -122.26795
450    17044683    ASSAULT/BATTERY FEL.    8/1/17 0:00    37.867972, -122.263699
470    17041723    ASSAULT/BATTERY MISD.    7/17/17 0:00    37.863977, -122.267307
481    17023134    ASSAULT/BATTERY FEL.    4/26/17 0:00    37.877951, -122.271395
482    17047144    ASSAULT/BATTERY MISD.    8/11/17 0:00    37.873687, -122.268616
497    17020933    ASSAULT/BATTERY MISD.    4/15/17 0:00    37.869057, -122.270463
509    17039917    ASSAULT/BATTERY MISD.    7/10/17 0:00    37.873687, -122.268616
510    17024161    MISSING ADULT    4/30/17 0:00    37.870417, -122.292485
528    17049224    ASSAULT/BATTERY MISD.    8/20/17 0:00    37.870639, -122.272468
529    17034545    ASSAULT/BATTERY MISD.    6/15/17 0:00    37.868574, -122.270415
546    17018998    ROBBERY    4/5/17 0:00    37.882067, -122.296392
547    17019539    ASSAULT/BATTERY MISD.    4/8/17 0:00
548    17033841    ROBBERY    6/13/17 0:00    37.863272, -122.258656
560    17043205    ROBBERY    7/25/17 0:00    37.870538, -122.297407
567    17046417    ASSAULT/BATTERY MISD.    8/6/17 0:00    37.883224, -122.256464
571    17039914    ASSAULT/BATTERY FEL.    7/10/17 0:00    37.873687, -122.268616
580    17032036    ASSAULT/BATTERY FEL.    6/4/17 0:00    37.868714, -122.259189
584    17050842    ROBBERY    8/27/17 0:00    37.873017, -122.275481
586    17019828    ASSAULT/BATTERY MISD.    4/8/17 0:00    37.868714, -122.259189
598    17033788    ROBBERY    6/12/17 0:00    37.858079, -122.268016
621    17058720    ASSAULT/BATTERY MISD.    9/28/17 0:00    37.871167, -122.268285
626    17037329    ASSAULT/BATTERY FEL.    6/28/17 0:00    37.866265, -122.305592
636    17022794    ASSAULT/BATTERY FEL.    4/24/17 0:00    37.859309, -122.259291
638    17021024    ASSAULT/BATTERY FEL.    4/15/17 0:00    37.869973, -122.270557
650    17039540    ASSAULT/BATTERY MISD.    7/8/17 0:00    37.893213, -122.280436
652    17035116    GUN/WEAPON    6/18/17 0:00    37.873426, -122.293614
654    17044012    ASSAULT/BATTERY MISD.    7/29/17 0:00    37.868714, -122.259189
660    17020445    GUN/WEAPON    4/13/17 0:00
662    17056097    ASSAULT/BATTERY MISD.    9/16/17 0:00    37.864109, -122.292948
705    17022564    MISSING ADULT    4/21/17 0:00    37.864238, -122.265263
719    17023073    ASSAULT/BATTERY MISD.    4/21/17 0:00    37.858867, -122.278992
745    17031702    MISSING JUVENILE    6/2/17 0:00    37.87304, -122.289659
747    17028998    ASSAULT/BATTERY MISD.    5/1/17 0:00    37.868785, -122.272701
752    17048088    ROBBERY    8/16/17 0:00    37.85488, -122.269079
756    17057182    ROBBERY    9/22/17 0:00
763    17019007    ASSAULT/BATTERY FEL.    4/4/17 0:00    37.850345, -122.270911
765    17034652    THEFT FROM PERSON    6/16/17 0:00    37.851017, -122.291088
766    17033335    ROBBERY    6/10/17 0:00    37.858079, -122.268016
767    17058228    THEFT FROM PERSON    9/26/17 0:00    37.847889, -122.277816
770    17028291    ASSAULT/BATTERY MISD.    5/19/17 0:00    37.872761, -122.296919
774    17021318    ROBBERY    4/16/17 0:00    37.873687, -122.268616
776    17039877    ASSAULT/BATTERY FEL.    7/10/17 0:00    37.869973, -122.270557
782    17047851    ROBBERY    8/15/17 0:00    37.851928, -122.274017
793    17021738    ASSAULT/BATTERY MISD.    4/19/17 0:00    37.870308, -122.26805
814    17034006    ASSAULT/BATTERY MISD.    6/13/17 0:00    37.869363, -122.268028
815    17025725    GUN/WEAPON    5/7/17 0:00    37.866265, -122.305592
816    17024896    MISSING ADULT    4/29/17 0:00    37.881433, -122.272921
848    17038391    ASSAULT/BATTERY FEL.    7/3/17 0:00    37.862927, -122.258784
855    17032361    ASSAULT/BATTERY MISD.    6/3/17 0:00    37.8667, -122.267614
880    17022883    ASSAULT/BATTERY MISD.    4/24/17 0:00    37.852211, -122.286336
906    17027099    ROBBERY    5/13/17 0:00    37.859918, -122.254574
919    17023050    ASSAULT/BATTERY FEL.    4/15/17 0:00    37.869685, -122.272804
925    17023391    ASSAULT/BATTERY FEL.    4/27/17 0:00    37.882024, -122.29756
933    17053422    ASSAULT/BATTERY MISD.    9/6/17 0:00    37.868714, -122.259189
948    17035117    ASSAULT/BATTERY MISD.    6/18/17 0:00    37.857409, -122.268473
972    17053166    ASSAULT/BATTERY MISD.    9/5/17 0:00    37.866592, -122.297226
979    17043150    ASSAULT/BATTERY MISD.    7/24/17 0:00    37.879027, -122.288477
984    17037039    ASSAULT/BATTERY MISD.    6/27/17 0:00    37.878274, -122.297556
985    17022908    ASSAULT/BATTERY MISD.    4/25/17 0:00    37.866311, -122.256361
992    17032875    ASSAULT/BATTERY FEL.    6/8/17 0:00    37.854012, -122.251243
997    17040429    MISSING ADULT    7/2/17 0:00    37.861511, -122.29681
1007    17049022    ASSAULT/BATTERY MISD.    8/20/17 0:00    37.867852, -122.258699
1009    17023347    ROBBERY    4/15/17 0:00    37.869685, -122.272804
1022    17036388    ASSAULT/BATTERY FEL.    6/24/17 0:00    37.848812, -122.278043
1027    17052684    ASSAULT/BATTERY MISD.    9/3/17 0:00    37.869363, -122.268028
1029    17046821    MISSING ADULT    8/8/17 0:00
1035    17018802    ROBBERY    4/4/17 0:00    37.866568, -122.254084
1036    17044173    ASSAULT/BATTERY FEL.    7/29/17 0:00
1055    17028388    GUN/WEAPON    5/19/17 0:00
1059    17039919    ASSAULT/BATTERY MISD.    7/10/17 0:00    37.855293, -122.266502
1063    17020376    ASSAULT/BATTERY MISD.    4/12/17 0:00    37.889507, -122.28167
1076    17050341    ROBBERY    8/25/17 0:00    37.866935, -122.265772
1091    17022129    ASSAULT/BATTERY MISD.    4/21/17 0:00    37.873687, -122.268616
1107    17020963    ASSAULT/BATTERY FEL.    4/15/17 0:00
1108    17057786    ASSAULT/BATTERY FEL.    9/24/17 0:00    37.880227, -122.26936
1122    17050994    ASSAULT/BATTERY MISD.    8/28/17 0:00    37.870396, -122.281585
1140    17057410    GUN/WEAPON    9/22/17 0:00    37.875264, -122.30002
1157    17026636    ASSAULT/BATTERY MISD.    5/11/17 0:00    37.868785, -122.272701
1168    17041294    ASSAULT/BATTERY MISD.    7/16/17 0:00    37.870396, -122.281585
1176    17045856    ASSAULT/BATTERY MISD.    8/6/17 0:00    37.867816, -122.258994
1191    17055458    ROBBERY    9/14/17 0:00    37.869488, -122.289522
1212    17047995    ASSAULT/BATTERY FEL.    8/15/17 0:00    37.867852, -122.258699
1215    17050979    ASSAULT/BATTERY MISD.    8/28/17 0:00    37.874369, -122.304473
1233    17044005    MISSING ADULT    7/28/17 0:00    37.848152, -122.275807
1234    17044903    MISSING ADULT    8/2/17 0:00    37.87551, -122.291424
1246    17032229    MISSING ADULT    5/1/17 0:00
1253    17026150    ASSAULT/BATTERY MISD.    5/9/17 0:00    37.871402, -122.292965
1266    17047087    MISSING ADULT    8/11/17 0:00    37.861265, -122.26698
1271    17043433    ASSAULT/BATTERY MISD.    7/26/17 0:00    37.8719, -122.268389
1277    17028333    ROBBERY    5/19/17 0:00    37.853552, -122.291561
1279    17025703    ASSAULT/BATTERY MISD.    5/7/17 0:00    37.867816, -122.258994
1281    17051178    ASSAULT/BATTERY FEL.    8/28/17 0:00    37.867852, -122.258699
1295    17025087    ASSAULT/BATTERY MISD.    5/4/17 0:00
1297    17030576    ASSAULT/BATTERY FEL.    5/29/17 0:00    37.868447, -122.261268
1309    17027695    ASSAULT/BATTERY MISD.    5/15/17 0:00    37.862393, -122.248851
1316    17057397    ROBBERY    9/22/17 0:00    37.866761, -122.258779
1323    17039703    ASSAULT/BATTERY MISD.    7/9/17 0:00    37.867926, -122.297664
1333    17044824    ROBBERY    8/1/17 0:00    37.867259, -122.26324
1341    17039953    ROBBERY    7/10/17 0:00    37.85062, -122.278313
1351    17029420    ASSAULT/BATTERY MISD.    5/24/17 0:00    37.854215, -122.269167
1358    17058081    ASSAULT/BATTERY MISD.    9/25/17 0:00    37.868714, -122.259189
1368    17050774    ROBBERY    8/27/17 0:00    37.867852, -122.258699
1376    17031191    ASSAULT/BATTERY MISD.    6/1/17 0:00    37.869363, -122.268028
1377    17046347    ROBBERY    8/8/17 0:00    37.867176, -122.267802
1393    17039818    ASSAULT/BATTERY FEL.    7/9/17 0:00
1403    17039961    ASSAULT/BATTERY MISD.    7/10/17 0:00    37.85488, -122.269079
1414    17058057    ASSAULT/BATTERY MISD.    9/25/17 0:00    37.869973, -122.270557
1418    17025047    ASSAULT/BATTERY MISD.    5/1/17 0:00    37.858867, -122.278992
1426    17047218    GUN/WEAPON    8/11/17 0:00    37.876386, -122.285017
1432    17030448    ROBBERY    5/28/17 0:00    37.880262, -122.295809
1452    17043263    ASSAULT/BATTERY MISD.    7/25/17 0:00    37.866594, -122.287944
1462    17052341    ROBBERY    9/2/17 0:00    37.869385, -122.28953
1472    17042833    ASSAULT/BATTERY FEL.    7/22/17 0:00    37.866327, -122.263359
1476    17046365    MISSING JUVENILE    8/7/17 0:00    37.851521, -122.28549
1483    17020962    ASSAULT/BATTERY FEL.    4/15/17 0:00    37.869685, -122.272804
1484    17035575    ROBBERY    6/20/17 0:00    37.881957, -122.269551
1490    17055919    ASSAULT/BATTERY MISD.    9/16/17 0:00    37.870231, -122.299624
1505    17055380    ASSAULT/BATTERY FEL.    9/14/17 0:00    37.85488, -122.269079
1508    17055017    ASSAULT/BATTERY MISD.    9/12/17 0:00    37.88382, -122.296952
1511    17023034    ASSAULT/BATTERY FEL.    4/15/17 0:00
1514    17046734    ROBBERY    8/10/17 0:00    37.868273, -122.295963
1524    17042194    ASSAULT/BATTERY FEL.    7/20/17 0:00    37.867209, -122.256554
1527    17050535    ASSAULT/BATTERY MISD.    5/26/17 0:00    37.865491, -122.310065
1542    17050841    ROBBERY    8/27/17 0:00
1544    17043130    ASSAULT/BATTERY MISD.    7/24/17 0:00    37.856111, -122.260248
1559    17025249    THEFT FROM PERSON    5/5/17 0:00    37.855824, -122.25502
1562    17033107    ASSAULT/BATTERY MISD.    6/9/17 0:00    37.872106, -122.268405
1575    17043926    ASSAULT/BATTERY MISD.    7/28/17 0:00    37.869363, -122.268028
1586    17042854    ROBBERY    7/23/17 0:00    37.861864, -122.262454
1587    17057054    ASSAULT/BATTERY MISD.    9/21/17 0:00    37.861341, -122.287679
1591    17036308    THEFT FROM PERSON    6/23/17 0:00
1596    17048522    ASSAULT/BATTERY MISD.    8/18/17 0:00    37.87091, -122.265993
1597    17019220    MISSING JUVENILE    4/6/17 0:00    37.87304, -122.289659
1603    17054377    ASSAULT/BATTERY FEL.    9/10/17 0:00    37.867852, -122.258699
1611    17058325    ASSAULT/BATTERY MISD.    9/27/17 0:00    37.880376, -122.268183
1613    17037922    MISSING ADULT    7/1/17 0:00    37.87493, -122.298604
1624    17028102    ASSAULT/BATTERY MISD.    5/18/17 0:00    37.877951, -122.271395
1633    17050372    THEFT FROM PERSON    8/23/17 0:00
1637    17022532    ASSAULT/BATTERY MISD.    4/23/17 0:00    37.863598, -122.253693
1649    17030792    MISSING JUVENILE    5/17/17 0:00    37.877636, -122.264323
1660    17029676    ROBBERY    5/25/17 0:00    37.880262, -122.295809
1666    17050773    ASSAULT/BATTERY FEL.    8/27/17 0:00    37.867852, -122.258699
1668    17044236    ASSAULT/BATTERY FEL.    7/30/17 0:00    37.868714, -122.259189
1670    17032493    ROBBERY    6/6/17 0:00    37.871828, -122.270516
1673    17056166    ASSAULT/BATTERY MISD.    9/17/17 0:00    37.861078, -122.289632
1680    17053028    ASSAULT/BATTERY MISD.    9/5/17 0:00    37.888089, -122.27635
1687    17042054    ROBBERY    7/19/17 0:00    37.86487, -122.267543
1718    17034487    ASSAULT/BATTERY MISD.    6/16/17 0:00    37.871828, -122.270516
1722    17035965    THEFT FROM PERSON    6/5/17 0:00    37.859988, -122.253339
1729    17041958    ASSAULT/BATTERY MISD.    7/19/17 0:00    37.858483, -122.253191
1735    17021265    GUN/WEAPON    4/17/17 0:00    37.866253, -122.299483
1742    17039854    GUN/WEAPON    7/9/17 0:00
1753    17050582    MISSING JUVENILE    8/25/17 0:00
1770    17041043    MISSING ADULT    7/15/17 0:00    37.868714, -122.259189
1771    17034470    THEFT FROM PERSON    6/15/17 0:00    37.862927, -122.258784
1782    17046499    ROBBERY    8/8/17 0:00    37.865134, -122.258331
1785    17043299    ASSAULT/BATTERY MISD.    7/25/17 0:00    37.871271, -122.295015
1788    17057558    ASSAULT/BATTERY MISD.    9/23/17 0:00    37.86456, -122.269954
1789    17045470    ASSAULT/BATTERY MISD.    8/4/17 0:00    37.865945, -122.250471
1796    17055279    MISSING ADULT    9/10/17 0:00    37.869363, -122.268028
1803    17022959    ASSAULT/BATTERY MISD.    4/25/17 0:00    37.869973, -122.270557
1808    17040334    ASSAULT/BATTERY MISD.    7/12/17 0:00    37.890977, -122.259745
1811    17018750    GUN/WEAPON    4/4/17 0:00
1846    17054027    GUN/WEAPON    9/8/17 0:00    37.87304, -122.289659
1850    17049657    MISSING ADULT    8/22/17 0:00    37.848152, -122.275807
1859    17025221    ASSAULT/BATTERY MISD.    5/5/17 0:00    37.861672, -122.255992
1861    17022000    ASSAULT/BATTERY MISD.    4/20/17 0:00    37.856111, -122.260248
1862    17032260    ASSAULT/BATTERY MISD.    6/5/17 0:00    37.869973, -122.270557
1868    17044539    ASSAULT/BATTERY MISD.    7/31/17 0:00    37.867871, -122.26565
1877    17055224    ASSAULT/BATTERY MISD.    9/13/17 0:00
1878    17027059    ASSAULT/BATTERY MISD.    5/13/17 0:00    37.848752, -122.271331
1888    17041616    ASSAULT/BATTERY MISD.    7/17/17 0:00    37.869973, -122.270557
1900    17028652    MISSING ADULT    5/20/17 0:00    37.848152, -122.275807
1901    17029105    ASSAULT/BATTERY MISD.    5/22/17 0:00    37.852155, -122.28661
1903    17034115    ASSAULT/BATTERY MISD.    6/5/17 0:00
1904    17023168    ASSAULT/BATTERY MISD.    4/26/17 0:00
1906    17027280    ASSAULT/BATTERY MISD.    5/14/17 0:00    37.869524, -122.27965
1914    17052097    ASSAULT/BATTERY MISD.    9/1/17 0:00    37.863611, -122.317566
1915    17051010    ROBBERY    8/28/17 0:00    37.869685, -122.272804
1931    17032941    ASSAULT/BATTERY MISD.    6/8/17 0:00    37.877951, -122.271395
1946    17020968    ASSAULT/BATTERY FEL.    4/15/17 0:00    37.870308, -122.26805
1962    17043658    MISSING ADULT    7/27/17 0:00    37.866037, -122.265618
1981    17049450    ASSAULT/BATTERY MISD.    8/21/17 0:00    37.871828, -122.270516
1992    17038783    ROBBERY    7/5/17 0:00    37.857787, -122.257013
2023    17034171    MISSING ADULT    6/11/17 0:00    37.868641, -122.29415
2027    17033639    GUN/WEAPON    6/11/17 0:00    37.855294, -122.292475
2044    17047987    ROBBERY    8/15/17 0:00    37.861511, -122.29681
2051    17020290    MISSING ADULT    4/12/17 0:00    37.876251, -122.262453
2054    17045903    MISSING JUVENILE    8/4/17 0:00    37.87304, -122.289659
2064    17026801    ASSAULT/BATTERY MISD.    5/12/17 0:00    37.880859, -122.287774
2075    17058383    GUN/WEAPON    9/27/17 0:00    37.868701, -122.252097
2095    17041529    ROBBERY    7/17/17 0:00    37.878912, -122.282959
2102    17024642    ASSAULT/BATTERY FEL.    5/2/17 0:00    37.864411, -122.290705
2103    17046358    MISSING ADULT    8/8/17 0:00    37.861265, -122.26698
2106    17047507    ASSAULT/BATTERY MISD.    8/13/17 0:00    37.871167, -122.268285
2114    17053651    ASSAULT/BATTERY MISD.    9/7/17 0:00    37.866919, -122.258812
2125    17027693    ASSAULT/BATTERY MISD.    5/16/17 0:00    37.858356, -122.253179
2135    17045496    ASSAULT/BATTERY FEL.    8/4/17 0:00    37.873426, -122.293614
2145    17053344    ROBBERY    9/6/17 0:00    37.863598, -122.253693
2149    17019898    ASSAULT/BATTERY MISD.    4/10/17 0:00    37.878407, -122.26914
2158    17056854    ROBBERY    9/20/17 0:00    37.868714, -122.259189
2166    17039030    ASSAULT/BATTERY MISD.    7/6/17 0:00
2180    17042349    ROBBERY    7/21/17 0:00    37.871689, -122.292898
2185    17042874    MISSING ADULT    7/21/17 0:00    37.8549, -122.27945
2190    17027571    ASSAULT/BATTERY MISD.    5/15/17 0:00    37.852946, -122.294515
2193    17044717    ASSAULT/BATTERY FEL.    4/15/17 0:00    37.870308, -122.26805
2195    17040914    ASSAULT/BATTERY MISD.    7/14/17 0:00    37.870948, -122.27733
2200    17049836    ASSAULT/BATTERY MISD.    8/23/17 0:00    37.868913, -122.28608
2205    17022281    ROBBERY    4/22/17 0:00    37.8792, -122.263044
2222    17046930    ROBBERY    8/10/17 0:00    37.866696, -122.274757
2223    17025877    ROBBERY    5/7/17 0:00    37.859102, -122.290163
2240    17058197    ASSAULT/BATTERY MISD.    9/26/17 0:00    37.867816, -122.258994
2241    17039927    ASSAULT/BATTERY MISD.    7/10/17 0:00    37.858079, -122.268016
2243    17018974    ASSAULT/BATTERY FEL.    4/5/17 0:00    37.877951, -122.271395
2247    17032171    ASSAULT/BATTERY MISD.    6/5/17 0:00    37.88015, -122.297446
2255    17043879    ROBBERY    7/15/17 0:00    37.869363, -122.268028
2256    17036599    GUN/WEAPON    6/25/17 0:00    37.86695, -122.286984
2272    17036855    MISSING ADULT    6/26/17 0:00    37.891368, -122.279257
2273    17051984    ASSAULT/BATTERY MISD.    9/1/17 0:00    37.891332, -122.279975
2279    17044052    ASSAULT/BATTERY FEL.    7/29/17 0:00    37.863611, -122.317566
2283    17045806    ROBBERY    8/5/17 0:00    37.869679, -122.288038
2287    17034152    MISSING ADULT    6/9/17 0:00    37.8819, -122.298197
2299    17030925    ROBBERY    5/30/17 0:00    37.887961, -122.269822
2300    17024963    MISSING ADULT    5/3/17 0:00    37.848152, -122.275807
2346    17032457    ASSAULT/BATTERY FEL.    6/6/17 0:00    37.866981, -122.302083
2349    17043614    ASSAULT/BATTERY MISD.    7/27/17 0:00    37.876594, -122.268956
2374    17052514    ROBBERY    9/2/17 0:00    37.865202, -122.257795
2377    17023427    ROBBERY    4/27/17 0:00    37.869057, -122.270463
2388    17029979    ASSAULT/BATTERY MISD.    5/26/17 0:00    37.859539, -122.259172
2394    17042830    ASSAULT/BATTERY MISD.    7/23/17 0:00    37.850345, -122.270911
2408    17029512    THEFT FROM PERSON    5/10/17 0:00
2431    17042808    ROBBERY    7/22/17 0:00    37.869363, -122.268028
2432    17034266    ASSAULT/BATTERY MISD.    6/14/17 0:00    37.881957, -122.269551
2441    17041942    ROBBERY    7/19/17 0:00    37.866935, -122.265772
2447    17018799    ROBBERY    4/4/17 0:00    37.863938, -122.253735
2451    17020925    ASSAULT/BATTERY MISD.    4/15/17 0:00
2455    17038408    ROBBERY    7/3/17 0:00    37.865134, -122.258331
2459    17041266    ROBBERY    7/16/17 0:00    37.867513, -122.26127
2462    17052967    ASSAULT/BATTERY MISD.    9/4/17 0:00    37.863053, -122.267321
2464    17048271    ROBBERY    8/16/17 0:00
2474    17045813    ASSAULT/BATTERY MISD.    8/5/17 0:00    37.870948, -122.27733
2477    17056667    MISSING ADULT    9/18/17 0:00    37.873343, -122.280086
2478    17040467    ROBBERY    7/12/17 0:00
2481    17035914    ASSAULT/BATTERY FEL.    6/22/17 0:00    37.877951, -122.271395
2508    17026743    ROBBERY    5/11/17 0:00    37.867717, -122.249901
2529    17054386    ASSAULT/BATTERY FEL.    9/10/17 0:00    37.867852, -122.258699
2542    17031666    ASSAULT/BATTERY FEL.    6/3/17 0:00    37.865121, -122.258455
2562    17051420    MISSING ADULT    8/29/17 0:00    37.864238, -122.265263
2569    17053303    GUN/WEAPON    9/6/17 0:00    37.866935, -122.265772
2571    17030615    ROBBERY    5/29/17 0:00    37.853576, -122.287202
2579    17026259    GUN/WEAPON    5/9/17 0:00    37.872468, -122.286902
2586    17055490    ASSAULT/BATTERY MISD.    9/14/17 0:00    37.868714, -122.259189
2587    17035596    ASSAULT/BATTERY FEL.    6/20/17 0:00    37.865121, -122.258455
2590    17021915    ASSAULT/BATTERY MISD.    4/20/17 0:00    37.866919, -122.258812
2592    17038462    MISSING ADULT    6/30/17 0:00
2596    17053933    ASSAULT/BATTERY MISD.    9/8/17 0:00    37.857437, -122.268263
2599    17042909    ASSAULT/BATTERY FEL.    7/23/17 0:00    37.854286, -122.271015
2603    17049239    ROBBERY    8/21/17 0:00    37.872485, -122.266001
2604    17042480    ASSAULT/BATTERY MISD.    7/21/17 0:00
2610    17027084    ASSAULT/BATTERY MISD.    5/12/17 0:00    37.881138, -122.28875
2619    17058729    ASSAULT/BATTERY FEL.    9/28/17 0:00    37.867723, -122.298406
2626    17058106    ROBBERY    9/25/17 0:00    37.863058, -122.274386
2629    17020088    ASSAULT/BATTERY MISD.    4/11/17 0:00    37.869058, -122.270455
2631    17028037    GUN/WEAPON    5/17/17 0:00    37.852211, -122.286336
2633    17033262    ASSAULT/BATTERY MISD.    6/10/17 0:00    37.869363, -122.268028
2638    17055891    ASSAULT/BATTERY MISD.    9/16/17 0:00    37.864908, -122.267289
2643    17051760    ASSAULT/BATTERY MISD.    8/31/17 0:00    37.869363, -122.268028
2644    17027996    ASSAULT/BATTERY MISD.    5/17/17 0:00    37.88024, -122.306387
2646    17024575    THEFT FROM PERSON    5/2/17 0:00    37.865172, -122.311155
2660    17033897    MISSING ADULT    6/12/17 0:00    37.848152, -122.275807
2672    17020013    ASSAULT/BATTERY FEL.    4/10/17 0:00
2703    17030551    ASSAULT/BATTERY MISD.    5/29/17 0:00    37.873723, -122.299532
2708    17034084    ASSAULT/BATTERY FEL.    6/14/17 0:00    37.863611, -122.317566
2709    17043082    ASSAULT/BATTERY FEL.    7/24/17 0:00    37.853603, -122.283961
2710    17028384    ROBBERY    5/19/17 0:00    37.868845, -122.29214
2715    17051338    ASSAULT/BATTERY FEL.    8/29/17 0:00    37.866924, -122.283899
2722    17029253    ASSAULT/BATTERY MISD.    5/23/17 0:00    37.866592, -122.297226
2741    17050950    GUN/WEAPON    8/28/17 0:00    37.851017, -122.291088
2748    17037822    ASSAULT/BATTERY FEL.    6/30/17 0:00    37.870308, -122.26805
2750    17056953    ASSAULT/BATTERY MISD.    9/21/17 0:00    37.88362, -122.269734
2797    17027764    ASSAULT/BATTERY FEL.    5/16/17 0:00    37.854274, -122.28319
2805    17021709    ASSAULT/BATTERY MISD.    4/17/17 0:00    37.865491, -122.310065
2810    17020856    ROBBERY    4/15/17 0:00    37.86793, -122.251798
2833    17045984    ASSAULT/BATTERY MISD.    8/6/17 0:00    37.8704, -122.292644
2846    17040802    GUN/WEAPON    7/14/17 0:00    37.85444, -122.296619
2847    17051917    ASSAULT/BATTERY MISD.    8/31/17 0:00    37.864714, -122.274572
2855    17053024    MISSING JUVENILE    9/4/17 0:00    37.877636, -122.264323
2859    17052920    ASSAULT/BATTERY FEL.    9/4/17 0:00    37.859195, -122.261915
2871    17023696    GUN/WEAPON    4/28/17 0:00    37.858495, -122.288779
2906    17024283    MISSING ADULT    4/28/17 0:00    37.861511, -122.29681
2916    17046621    ROBBERY    8/9/17 0:00    37.866969, -122.26553
2923    17044912    MISSING ADULT    8/2/17 0:00    37.868512, -122.26781
2924    17042936    ROBBERY    7/23/17 0:00    37.872106, -122.268405
2930    17027312    ASSAULT/BATTERY MISD.    5/14/17 0:00    37.871268, -122.30106
2935    17043662    MISSING ADULT    7/27/17 0:00
2941    17033710    ASSAULT/BATTERY FEL.    6/12/17 0:00    37.860926, -122.269532
2944    17021807    GUN/WEAPON    4/19/17 0:00    37.867533, -122.291719
2948    17023121    GUN/WEAPON    4/26/17 0:00
2952    17030951    ROBBERY    5/31/17 0:00    37.883725, -122.267521
2954    17035576    MISSING JUVENILE    6/19/17 0:00    37.87304, -122.289659
2971    17040613    ROBBERY    7/13/17 0:00    37.880564, -122.304896
2976    17047991    ROBBERY    8/15/17 0:00    37.854021, -122.273207
2986    17039617    ROBBERY    7/8/17 0:00    37.881957, -122.269551
2997    17042924    ROBBERY    7/23/17 0:00    37.87091, -122.265993
3005    17052936    ASSAULT/BATTERY MISD.    9/4/17 0:00    37.85525, -122.277126
3008    17035244    MISSING ADULT    6/15/17 0:00    37.855678, -122.274429
3009    17055368    MISSING ADULT    9/14/17 0:00    37.88588, -122.253359
3026    17043618    ROBBERY    7/27/17 0:00    37.871246, -122.274991
3037    17044840    ROBBERY    8/1/17 0:00    37.88427, -122.276737
3038    17052327    ASSAULT/BATTERY FEL.    9/2/17 0:00    37.873687, -122.268616
3049    17043288    THEFT FROM PERSON    7/25/17 0:00    37.870308, -122.26805
3058    17053347    ROBBERY    9/6/17 0:00    37.863646, -122.262822
3061    17031782    GUN/WEAPON    6/3/17 0:00    37.848453, -122.273607
3064    17040468    ROBBERY    7/12/17 0:00    37.86939, -122.267883
3066    17042959    ROBBERY    7/23/17 0:00    37.885525, -122.254405
3078    17024159    MISSING ADULT    4/19/17 0:00    37.854215, -122.269167
3092    17032208    ASSAULT/BATTERY MISD.    6/5/17 0:00    37.878124, -122.27141
3107    17023298    ASSAULT/BATTERY MISD.    4/26/17 0:00    37.866311, -122.256361
3110    17030711    MISSING ADULT    5/29/17 0:00    37.848152, -122.275807
3111    17030930    ROBBERY    5/30/17 0:00    37.874489, -122.271072
3115    17026386    ROBBERY    5/10/17 0:00    37.871167, -122.268285
3128    17020457    ROBBERY    4/13/17 0:00    37.863611, -122.317566
3135    17053657    ASSAULT/BATTERY FEL.    9/7/17 0:00    37.870393, -122.299532
3143    17026646    ASSAULT/BATTERY MISD.    5/11/17 0:00    37.861843, -122.269644
3152    17053043    ROBBERY    9/5/17 0:00    37.863443, -122.256304
3154    17020927    ASSAULT/BATTERY MISD.    4/15/17 0:00    37.869685, -122.272804
3173    17034363    MISSING ADULT    6/15/17 0:00    37.863679, -122.26963
3175    17020508    ASSAULT/BATTERY MISD.    4/13/17 0:00    37.870652, -122.27958
3185    17051658    ASSAULT/BATTERY MISD.    8/27/17 0:00
3186    17050513    ASSAULT/BATTERY FEL.    8/26/17 0:00    37.866327, -122.263359
3189    17027999    ASSAULT/BATTERY MISD.    5/17/17 0:00    37.870236, -122.292591
3193    17049384    ASSAULT/BATTERY MISD.    8/21/17 0:00    37.876307, -122.268923
3195    17021231    GUN/WEAPON    4/16/17 0:00    37.868915, -122.293322
3221    17030294    ROBBERY    5/27/17 0:00    37.850899, -122.276174
3226    17046828    ASSAULT/BATTERY MISD.    8/10/17 0:00    37.868273, -122.295963
3233    17048949    ASSAULT/BATTERY FEL.    8/19/17 0:00    37.869363, -122.268028
3234    17020964    ASSAULT/BATTERY MISD.    4/15/17 0:00
3241    17032776    ASSAULT/BATTERY FEL.    6/8/17 0:00    37.868641, -122.29415
3249    17026573    MISSING JUVENILE    5/10/17 0:00    37.85177, -122.276489
3256    17024850    ASSAULT/BATTERY MISD.    5/3/17 0:00    37.871743, -122.271878
3258    17045153    MISSING ADULT    8/3/17 0:00    37.877793, -122.260709
3269    17039853    ROBBERY    7/9/17 0:00    37.880027, -122.279976
3271    17041244    GUN/WEAPON    7/16/17 0:00    37.863045, -122.317348
3277    17040811    ROBBERY    7/14/17 0:00    37.867026, -122.299737
3278    17053276    ASSAULT/BATTERY MISD.    9/6/17 0:00    37.876897, -122.28868
3279    17019145    GUN/WEAPON    4/6/17 0:00    37.869318, -122.296984
3285    17049314    ROBBERY    8/20/17 0:00    37.855293, -122.266502
3291    17022096    MISSING ADULT    4/20/17 0:00    37.869067, -122.292043
3293    17034079    ASSAULT/BATTERY MISD.    6/14/17 0:00    37.848606, -122.279588
3304    17046159    MISSING JUVENILE    4/6/17 0:00    37.851521, -122.28549
3305    17054591    ROBBERY    9/11/17 0:00    37.864411, -122.290705
3310    17050199    ROBBERY    8/24/17 0:00    37.87247, -122.273021
3311    17019945    ROBBERY    4/10/17 0:00    37.862877, -122.290055
3314    17045999    ASSAULT/BATTERY FEL.    8/6/17 0:00    37.867643, -122.280643
3317    17041859    ASSAULT/BATTERY MISD.    7/18/17 0:00    37.868641, -122.29415
3320    17043998    GUN/WEAPON    7/28/17 0:00    37.8771, -122.297171
3326    17035869    ROBBERY    6/21/17 0:00    37.873976, -122.282257
3328    17049429    ASSAULT/BATTERY MISD.    8/21/17 0:00    37.867513, -122.26127
3339    17022126    ASSAULT/BATTERY MISD.    4/12/17 0:00    37.892152, -122.269211
3341    17047569    ROBBERY    8/13/17 0:00    37.869764, -122.28655
3345    17049155    ROBBERY    8/20/17 0:00    37.865466, -122.27005
3346    17028141    ASSAULT/BATTERY MISD.    5/18/17 0:00    37.880027, -122.279976
3347    17022843    ROBBERY    4/24/17 0:00    37.880519, -122.267051
3351    17022974    ASSAULT/BATTERY MISD.    4/25/17 0:00    37.869096, -122.270137
3360    17035514    MISSING ADULT    6/20/17 0:00    37.8667, -122.267614
3363    17051296    ASSAULT/BATTERY FEL.    8/27/17 0:00
3368    17050822    ASSAULT/BATTERY MISD.    8/27/17 0:00
3370    17037893    MISSING ADULT    6/30/17 0:00    37.880893, -122.263673
3375    17023212    ASSAULT/BATTERY MISD.    4/26/17 0:00    37.881957, -122.269551
3376    17040427    ROBBERY    7/12/17 0:00    37.859698, -122.286952
3410    17047207    ROBBERY    8/11/17 0:00    37.853554, -122.276925
3421    17040996    GUN/WEAPON    7/14/17 0:00    37.860641, -122.291827
3439    17057661    ASSAULT/BATTERY MISD.    9/23/17 0:00    37.871402, -122.292965
3452    17049767    ROBBERY    8/23/17 0:00    37.858427, -122.282485
3479    17022181    GUN/WEAPON    4/21/17 0:00    37.868595, -122.273835
3485    17049072    ASSAULT/BATTERY MISD.    8/20/17 0:00    37.868103, -122.25672
3488    17048450    ASSAULT/BATTERY MISD.    8/17/17 0:00
3490    17026465    ASSAULT/BATTERY MISD.    5/10/17 0:00    37.880564, -122.304896
3495    17044841    ROBBERY    8/1/17 0:00    37.88427, -122.276737
3507    17022781    ROBBERY    4/24/17 0:00    37.847446, -122.281146
3510    17041282    ASSAULT/BATTERY MISD.    7/16/17 0:00    37.856078, -122.279311
3512    17049640    ASSAULT/BATTERY MISD.    8/22/17 0:00    37.873194, -122.30407
3519    17048474    MISSING ADULT    8/2/17 0:00    37.856719, -122.266672
3531    17026100    MISSING ADULT    5/8/17 0:00    37.848152, -122.275807
3545    17048915    ASSAULT/BATTERY MISD.    8/19/17 0:00    37.882217, -122.302226
3546    17019165    ROBBERY    4/6/17 0:00    37.863811, -122.267412
3555    17022654    THEFT FROM PERSON    4/23/17 0:00    37.871167, -122.268285
3573    17037280    ASSAULT/BATTERY MISD.    6/28/17 0:00    37.856111, -122.260248
3582    17043391    ASSAULT/BATTERY FEL.    7/26/17 0:00    37.847838, -122.275741
3599    17038183    ROBBERY    7/1/17 0:00    37.867176, -122.267802
3600    17022834    ROBBERY    4/24/17 0:00    37.863811, -122.267412
3607    17025539    ROBBERY    5/6/17 0:00    37.849512, -122.272671
3611    17022417    ASSAULT/BATTERY MISD.    4/22/17 0:00    37.868957, -122.254552
3621    17042838    ASSAULT/BATTERY MISD.    7/23/17 0:00    37.850345, -122.270911
3623    17025130    ASSAULT/BATTERY FEL.    5/4/17 0:00    37.854732, -122.26898
3636    17029703    ASSAULT/BATTERY MISD.    5/22/17 0:00    37.868785, -122.272701
3642    17040815    ROBBERY    7/14/17 0:00    37.856344, -122.291654
3644    17022135    ASSAULT/BATTERY MISD.    4/21/17 0:00    37.869067, -122.292043
3645    17024904    MISSING JUVENILE    5/3/17 0:00    37.868574, -122.270415
3646    17053330    ASSAULT/BATTERY FEL.    8/27/17 0:00
3647    17055916    ASSAULT/BATTERY MISD.    9/16/17 0:00    37.880227, -122.26936
3649    17051538    ASSAULT/BATTERY MISD.    8/30/17 0:00    37.878114, -122.280634
3651    17037207    ROBBERY    6/27/17 0:00    37.871167, -122.268285
3664    17037712    ASSAULT/BATTERY MISD.    6/30/17 0:00    37.871246, -122.274991
3665    17035471    ASSAULT/BATTERY MISD.    6/20/17 0:00    37.859802, -122.267177
3668    17032777    ROBBERY    6/8/17 0:00    37.870308, -122.26805
3678    17035137    GUN/WEAPON    6/18/17 0:00    37.873426, -122.293614
3691    17033941    MISSING JUVENILE    6/13/17 0:00    37.851521, -122.28549
3693    17054418    ASSAULT/BATTERY MISD.    9/10/17 0:00    37.85274, -122.283711
3696    17024472    MISSING ADULT    5/1/17 0:00    37.881433, -122.272921
3699    17050601    ROBBERY    8/26/17 0:00    37.866935, -122.265772
3705    17029837    ROBBERY    5/26/17 0:00    37.870236, -122.292591
3706    17042540    ROBBERY    7/21/17 0:00    37.872435, -122.279988
3711    17032748    ASSAULT/BATTERY MISD.    6/7/17 0:00    37.873024, -122.294652
3723    17055870    ASSAULT/BATTERY MISD.    9/16/17 0:00    37.863679, -122.26963
3731    17048916    ASSAULT/BATTERY FEL.    8/19/17 0:00    37.869096, -122.270137
3749    17051215    ASSAULT/BATTERY MISD.    8/29/17 0:00    37.868706, -122.266279
3768    17051783    ASSAULT/BATTERY MISD.    8/31/17 0:00
3779    17043202    ASSAULT/BATTERY MISD.    7/25/17 0:00    37.870948, -122.27733
3782    17055377    ROBBERY    9/13/17 0:00
3799    17051647    ROBBERY    8/27/17 0:00
3806    17037584    ROBBERY    6/29/17 0:00    37.863292, -122.256293
3812    17037724    MISSING ADULT    6/30/17 0:00    37.848152, -122.275807
3814    17020004    MISSING ADULT    4/7/17 0:00    37.874489, -122.271072
3815    17039404    ASSAULT/BATTERY MISD.    7/8/17 0:00    37.863611, -122.317566
3829    17034461    MISSING ADULT    6/15/17 0:00    37.858525, -122.266906
3830    17053457    ROBBERY    9/6/17 0:00    37.8659, -122.251095
3834    17051167    ASSAULT/BATTERY FEL.    8/28/17 0:00    37.851944, -122.28349
3857    17027090    ASSAULT/BATTERY FEL.    5/13/17 0:00    37.869839, -122.252365
3875    17019066    ASSAULT/BATTERY MISD.    4/5/17 0:00    37.855964, -122.283114
3905    17056018    MISSING JUVENILE    9/16/17 0:00    37.87057, -122.298525
3907    17049831    ROBBERY    8/23/17 0:00    37.862085, -122.281175
3914    17052235    GUN/WEAPON    9/1/17 0:00    37.871884, -122.270752
3922    17041172    ASSAULT/BATTERY MISD.    7/15/17 0:00    37.855964, -122.283114
3927    17053105    ASSAULT/BATTERY FEL.    9/5/17 0:00    37.869096, -122.270137
3928    17036619    ASSAULT/BATTERY MISD.    6/25/17 0:00    37.865791, -122.26751
3934    17056806    MISSING ADULT    9/20/17 0:00    37.876963, -122.265591
3946    17056639    ROBBERY    9/19/17 0:00    37.856416, -122.269069
3953    17028803    ASSAULT/BATTERY FEL.    5/21/17 0:00    37.878124, -122.27141
3957    17053350    ROBBERY    9/6/17 0:00    37.854732, -122.26898
3967    17057382    ASSAULT/BATTERY MISD.    9/22/17 0:00    37.866025, -122.258623
3972    17029206    ASSAULT/BATTERY MISD.    5/23/17 0:00    37.865009, -122.258767
3974    17048814    MISSING ADULT    7/30/17 0:00    37.868641, -122.29415
3975    17022686    ROBBERY    4/23/17 0:00    37.88015, -122.297446
3976    17040704    ASSAULT/BATTERY MISD.    7/13/17 0:00    37.852956, -122.266195
3983    17019958    ROBBERY    4/10/17 0:00    37.879787, -122.272745
3987    17027231    ROBBERY    5/14/17 0:00    37.867717, -122.249901
3990    17027788    ROBBERY    5/16/17 0:00    37.88015, -122.297446
3994    17044494    GUN/WEAPON    7/27/17 0:00    37.868574, -122.270415
3999    17040479    ASSAULT/BATTERY MISD.    7/12/17 0:00    37.869973, -122.270557
4000    17050410    ROBBERY    8/25/17 0:00    37.871828, -122.270516
4004    17056178    MISSING ADULT    9/8/17 0:00    37.871167, -122.268285
4007    17029594    ASSAULT/BATTERY MISD.    5/19/17 0:00    37.868785, -122.272701
4014    17034054    ROBBERY    6/14/17 0:00    37.870396, -122.281585
4019    17024435    ASSAULT/BATTERY MISD.    5/1/17 0:00    37.861573, -122.257452
4022    17054346    ROBBERY    9/9/17 0:00    37.869363, -122.268028
4024    17022681    ROBBERY    4/23/17 0:00    37.871167, -122.268285
4026    17043174    ASSAULT/BATTERY FEL.    7/24/17 0:00    37.873876, -122.268523
4038    17042522    ASSAULT/BATTERY MISD.    7/21/17 0:00    37.868714, -122.259189
4060    17019098    ASSAULT/BATTERY MISD.    4/6/17 0:00    37.878734, -122.289653
4075    17022421    ASSAULT/BATTERY FEL.    4/22/17 0:00    37.859416, -122.281845
4080    17019797    ROBBERY    4/9/17 0:00    37.863811, -122.267412
4091    17029078    ROBBERY    5/22/17 0:00    37.859195, -122.261915
4092    17022857    ROBBERY    4/24/17 0:00    37.867816, -122.258994
4094    17029310    ROBBERY    5/23/17 0:00    37.871167, -122.268285
4095    17027175    ASSAULT/BATTERY MISD.    5/13/17 0:00    37.873687, -122.268616
4098    17036964    ASSAULT/BATTERY FEL.    6/26/17 0:00    37.853603, -122.283961
4101    17022221    THEFT FROM PERSON    4/21/17 0:00    37.88015, -122.297446
4109    17023248    ROBBERY    4/26/17 0:00    37.862927, -122.258784
4136    17043625    ASSAULT/BATTERY MISD.    7/27/17 0:00
4143    17019969    ASSAULT/BATTERY MISD.    4/10/17 0:00    37.854286, -122.271015
4152    17033078    ROBBERY    6/9/17 0:00    37.871167, -122.268285
4153    17032287    ASSAULT/BATTERY FEL.    6/6/17 0:00    37.868722, -122.259123
4156    17027596    ROBBERY    5/15/17 0:00    37.869324, -122.250947
4169    17037404    ASSAULT/BATTERY MISD.    6/28/17 0:00    37.868714, -122.259189
4171    17024618    ASSAULT/BATTERY FEL.    5/2/17 0:00    37.863611, -122.317566
4172    17020462    THEFT FROM PERSON    4/13/17 0:00    37.869363, -122.268028
4177    17056319    ASSAULT/BATTERY MISD.    9/18/17 0:00    37.87551, -122.291424
4184    17032202    MISSING JUVENILE    6/5/17 0:00    37.87304, -122.289659
4187    17020924    ASSAULT/BATTERY MISD.    4/15/17 0:00
4198    17034128    ASSAULT/BATTERY MISD.    6/14/17 0:00    37.869385, -122.28953
4202    17028442    ROBBERY    5/19/17 0:00    37.874095, -122.288542
4210    17021796    ROBBERY    4/19/17 0:00    37.848752, -122.271331
4211    17033711    ASSAULT/BATTERY MISD.    6/11/17 0:00    37.867513, -122.26127
4213    17018893    ASSAULT/BATTERY MISD.    4/4/17 0:00    37.856121, -122.26876
4217    17038278    GUN/WEAPON    7/2/17 0:00    37.873865, -122.300777
4219    17020257    ASSAULT/BATTERY FEL.    4/12/17 0:00    37.877951, -122.271395
4228    17023369    ROBBERY    4/27/17 0:00    37.857869, -122.248398
4231    17037326    ROBBERY    6/28/17 0:00    37.851038, -122.252448
4253    17033428    ROBBERY    6/10/17 0:00
4269    17043634    ROBBERY    7/27/17 0:00    37.869067, -122.292043
4297    17037497    ROBBERY    6/29/17 0:00    37.869685, -122.272804
4298    17026875    MISSING ADULT    5/12/17 0:00    37.865711, -122.25389
4299    17056255    ASSAULT/BATTERY FEL.    9/17/17 0:00    37.875531, -122.304855
4300    17047884    ROBBERY    8/15/17 0:00    37.868641, -122.29415
4301    17018751    ASSAULT/BATTERY FEL.    4/4/17 0:00    37.869096, -122.270137
4310    17042778    ASSAULT/BATTERY MISD.    7/23/17 0:00    37.868714, -122.259189
4332    17048398    ASSAULT/BATTERY MISD.    8/17/17 0:00    37.873454, -122.27209
4334    17052274    GUN/WEAPON    9/2/17 0:00    37.868273, -122.295963
4346    17044585    ASSAULT/BATTERY MISD.    7/31/17 0:00    37.866761, -122.258779
4348    17058640    ASSAULT/BATTERY MISD.    9/28/17 0:00    37.871828, -122.270516
4350    17022328    GUN/WEAPON    4/22/17 0:00    37.867723, -122.298406
4369    17044885    MISSING ADULT    7/17/17 0:00    37.861511, -122.29681
4374    17045199    MISSING ADULT    8/3/17 0:00    37.863977, -122.267307
4383    17055500    THEFT FROM PERSON    9/14/17 0:00    37.869363, -122.268028
4394    17023660    ASSAULT/BATTERY FEL.    4/28/17 0:00    37.894536, -122.272056
4406    17032189    ASSAULT/BATTERY MISD.    6/5/17 0:00    37.873687, -122.268616
4418    17038815    THEFT FROM PERSON    7/5/17 0:00    37.873885, -122.266332
4426    17021406    ASSAULT/BATTERY FEL.    4/15/17 0:00
4430    17032773    ROBBERY    6/8/17 0:00    37.865772, -122.267643
4431    17021761    ROBBERY    4/19/17 0:00    37.881004, -122.283225
4439    17030675    ASSAULT/BATTERY MISD.    5/29/17 0:00    37.870948, -122.27733
4440    17041044    ASSAULT/BATTERY FEL.    7/15/17 0:00    37.868103, -122.25672
4446    17036779    ROBBERY    6/25/17 0:00    37.855026, -122.266475
4448    17040542    ASSAULT/BATTERY MISD.    7/13/17 0:00    37.868164, -122.256314
4451    17048376    GUN/WEAPON    8/17/17 0:00    37.871171, -122.267718
4460    17033885    ASSAULT/BATTERY MISD.    6/13/17 0:00    37.866981, -122.302083
4461    17026387    ASSAULT/BATTERY MISD.    5/3/17 0:00    37.868785, -122.272701
4464    17043627    ROBBERY    7/27/17 0:00    37.881957, -122.269551
4499    17038155    GUN/WEAPON    7/2/17 0:00    37.85405, -122.236429
4509    17046382    ASSAULT/BATTERY MISD.    8/8/17 0:00    37.866025, -122.258623
4512    17046954    ASSAULT/BATTERY FEL.    8/10/17 0:00    37.870308, -122.26805
4517    17047988    ROBBERY    8/15/17 0:00    37.868281, -122.300102
4529    17031301    MISSING ADULT    5/10/17 0:00    37.869691, -122.27849
4531    17056561    ASSAULT/BATTERY MISD.    9/19/17 0:00    37.867176, -122.267802
4533    17018833    ROBBERY    4/5/17 0:00    37.867852, -122.258699
4579    17020537    ROBBERY    4/13/17 0:00    37.866935, -122.265772
4584    17042409    ASSAULT/BATTERY MISD.    7/21/17 0:00    37.85959, -122.28701
4595    17029418    ASSAULT/BATTERY MISD.    5/24/17 0:00    37.870652, -122.27958
4601    17021726    ASSAULT/BATTERY MISD.    4/19/17 0:00    37.848606, -122.279588
4611    17032193    ASSAULT/BATTERY MISD.    6/5/17 0:00    37.865945, -122.250471
4624    17040264    ASSAULT/BATTERY MISD.    7/11/17 0:00    37.862777, -122.276571
4625    17058163    ASSAULT/BATTERY FEL.    9/20/17 0:00    37.865491, -122.310065
4657    17057305    MISSING ADULT    9/21/17 0:00    37.870213, -122.293749
4659    17056584    ASSAULT/BATTERY FEL.    9/13/17 0:00
4666    17052506    ASSAULT/BATTERY MISD.    9/2/17 0:00    37.867948, -122.250664
4669    17042260    GUN/WEAPON    7/20/17 0:00    37.854787, -122.280118
4670    17053467    ROBBERY    9/6/17 0:00
4672    17045926    ROBBERY    8/6/17 0:00    37.86331, -122.316113
4679    17034631    THEFT FROM PERSON    6/16/17 0:00    37.869363, -122.268028
4699    17039033    ASSAULT/BATTERY FEL.    7/6/17 0:00    37.871246, -122.274991
4705    17035356    ASSAULT/BATTERY MISD.    6/19/17 0:00    37.857409, -122.268473
4711    17055927    MISSING ADULT    9/15/17 0:00    37.873885, -122.266332
4712    17041430    ROBBERY    7/16/17 0:00    37.862763, -122.262639
4713    17032943    ASSAULT/BATTERY MISD.    6/8/17 0:00    37.867212, -122.281739
4722    17046130    MISSING ADULT    7/4/17 0:00    37.849321, -122.27977
4728    17054974    THEFT FROM PERSON    9/12/17 0:00    37.880266, -122.269032
4738    17041637    ROBBERY    7/17/17 0:00    37.893213, -122.280436
4740    17058463    ASSAULT/BATTERY MISD.    9/27/17 0:00    37.869312, -122.254314
4742    17024481    ASSAULT/BATTERY MISD.    5/1/17 0:00    37.869973, -122.270557
4753    17043750    ROBBERY    7/27/17 0:00
4774    17040063    MISSING ADULT    7/10/17 0:00    37.848152, -122.275807
4780    17041977    ASSAULT/BATTERY MISD.    7/19/17 0:00    37.872106, -122.268405
4781    17030455    ASSAULT/BATTERY FEL.    5/28/17 0:00    37.860686, -122.278337
4783    17048106    ASSAULT/BATTERY MISD.    8/16/17 0:00    37.867513, -122.26127
4790    17023019    ROBBERY    4/25/17 0:00    37.863811, -122.267412
4796    17046657    MISSING JUVENILE    8/7/17 0:00    37.87304, -122.289659
4801    17030779    ASSAULT/BATTERY MISD.    5/30/17 0:00    37.873454, -122.27209
4802    17040961    ASSAULT/BATTERY FEL.    7/14/17 0:00    37.863373, -122.296893
4821    17032881    ROBBERY    6/8/17 0:00    37.862085, -122.281175
4838    17031638    ASSAULT/BATTERY MISD.    6/3/17 0:00    37.856111, -122.260248
4839    17051393    ASSAULT/BATTERY MISD.    8/29/17 0:00    37.865009, -122.258767
4842    17029974    ASSAULT/BATTERY MISD.    5/18/17 0:00    37.856111, -122.260248
4857    17026234    MISSING ADULT    5/9/17 0:00    37.869448, -122.281783
4859    17019006    ROBBERY    4/5/17 0:00    37.866288, -122.298344
4863    17020807    ROBBERY    4/14/17 0:00    37.8667, -122.267614
4875    17022039    ROBBERY    4/20/17 0:00    37.865141, -122.265441
4878    17035940    ROBBERY    6/22/17 0:00    37.868714, -122.259189
4881    17047870    ROBBERY    8/15/17 0:00    37.847908, -122.277685
4889    17029483    ASSAULT/BATTERY MISD.    5/24/17 0:00    37.864714, -122.274572
4897    17044730    ASSAULT/BATTERY MISD.    8/1/17 0:00    37.860926, -122.269532
4905    17029196    ROBBERY    5/23/17 0:00
4908    17057632    ASSAULT/BATTERY MISD.    9/23/17 0:00    37.870308, -122.26805
4923    17024007    GUN/WEAPON    4/29/17 0:00    37.85922, -122.289035
4932    17029367    ASSAULT/BATTERY MISD.    5/24/17 0:00    37.869685, -122.272804
4935    17039067    ROBBERY    7/6/17 0:00    37.879708, -122.297995
4950    17054775    ASSAULT/BATTERY MISD.    9/11/17 0:00    37.869685, -122.272804
4963    17048769    ASSAULT/BATTERY FEL.    8/19/17 0:00    37.855026, -122.266475
4967    17033314    ROBBERY    6/10/17 0:00    37.853552, -122.291561
4986    17039007    ROBBERY    7/6/17 0:00    37.871268, -122.30106
4997    17047029    ASSAULT/BATTERY FEL.    8/11/17 0:00    37.873885, -122.266332
5000    17045188    ASSAULT/BATTERY FEL.    8/3/17 0:00    37.855523, -122.266529
5013    17039298    THEFT FROM PERSON    7/7/17 0:00    37.870308, -122.26805
5029    17050663    ASSAULT/BATTERY MISD.    8/26/17 0:00    37.866508, -122.261057
5030    17021852    ROBBERY    4/20/17 0:00    37.852136, -122.273695
5031    17040780    ASSAULT/BATTERY MISD.    7/14/17 0:00    37.868103, -122.25672
5068    17046021    ASSAULT/BATTERY MISD.    8/6/17 0:00    37.871828, -122.270516
5083    17051055    ASSAULT/BATTERY FEL.    8/28/17 0:00    37.852402, -122.278728
5091    17050379    ASSAULT/BATTERY MISD.    8/25/17 0:00    37.856484, -122.268624
5096    17040055    ROBBERY    7/10/17 0:00    37.864535, -122.262993
5101    17036646    ASSAULT/BATTERY MISD.    6/25/17 0:00    37.870308, -122.26805
5111    17020104    MISSING JUVENILE    4/11/17 0:00    37.857099, -122.263785
5119    17045493    ROBBERY    8/4/17 0:00    37.879165, -122.302305
5120    17053206    ASSAULT/BATTERY MISD.    9/5/17 0:00    37.863443, -122.256304
5126    17025597    ASSAULT/BATTERY MISD.    5/6/17 0:00    37.870289, -122.29843
5165    17018918    ASSAULT/BATTERY MISD.    4/5/17 0:00    37.850345, -122.270911
5175    17050828    ASSAULT/BATTERY MISD.    8/27/17 0:00    37.881957, -122.269551
5178    17041279    ROBBERY    7/16/17 0:00    37.869385, -122.28953
5180    17020730    ASSAULT/BATTERY MISD.    4/14/17 0:00    37.877417, -122.300713
5200    17037957    ASSAULT/BATTERY FEL.    6/30/17 0:00    37.850541, -122.286037
5211    17038384    MISSING JUVENILE    7/2/17 0:00
5215    17030165    ASSAULT/BATTERY MISD.    5/27/17 0:00    37.868512, -122.26781
5216    17057291    ROBBERY    9/21/17 0:00    37.880227, -122.26936
5224    17024024    ROBBERY    4/30/17 0:00    37.855684, -122.263491
5231    17053465    ASSAULT/BATTERY MISD.    9/6/17 0:00    37.869363, -122.268028
5258    17027451    ASSAULT/BATTERY FEL.    5/15/17 0:00    37.86487, -122.267543
5268    17020913    ROBBERY    4/15/17 0:00    37.849747, -122.277907
5292    17044457    MISSING JUVENILE    7/30/17 0:00    37.87304, -122.289659
5300    17039252    ASSAULT/BATTERY MISD.    7/7/17 0:00    37.870231, -122.299624
5317    17051329    ROBBERY    8/29/17 0:00    37.868281, -122.300102
5321    17055666    ROBBERY    9/15/17 0:00    37.871167, -122.268285
5333    17053173    ROBBERY    9/5/17 0:00    37.885058, -122.278416
5334    17043710    THEFT FROM PERSON    7/27/17 0:00    37.868714, -122.259189
5339    17053645    ASSAULT/BATTERY MISD.    9/1/17 0:00    37.851339, -122.286349
5340    17027649    ASSAULT/BATTERY MISD.    5/16/17 0:00    37.88024, -122.306387
5354    17026159    ASSAULT/BATTERY MISD.    5/9/17 0:00    37.871167, -122.268285
5356    17054183    ASSAULT/BATTERY MISD.    9/9/17 0:00    37.854286, -122.271015
5364    17030193    ROBBERY    5/27/17 0:00    37.879653, -122.299139
5389    17035938    ASSAULT/BATTERY MISD.    6/22/17 0:00    37.86529, -122.264364
5396    17033942    ROBBERY    6/13/17 0:00    37.86211, -122.253551
5400    17045035    ASSAULT/BATTERY MISD.    8/2/17 0:00    37.8719, -122.268389
5402    17041843    ROBBERY    7/18/17 0:00    37.86077, -122.285323
5405    17049021    ROBBERY    8/20/17 0:00    37.867717, -122.249901
5408    17020946    ASSAULT/BATTERY MISD.    4/15/17 0:00    37.870603, -122.270612
5419    17021314    ASSAULT/BATTERY MISD.    4/17/17 0:00    37.868574, -122.270415
5424    17023270    ROBBERY    4/26/17 0:00    37.867176, -122.267802
5444    17023803    ASSAULT/BATTERY MISD.    4/29/17 0:00    37.869839, -122.252365
5453    17048454    ROBBERY    8/17/17 0:00    37.874537, -122.263862
5454    17023602    ASSAULT/BATTERY FEL.    4/15/17 0:00
5458    17034119    ASSAULT/BATTERY FEL.    6/14/17 0:00    37.866981, -122.302083
5465    17026968    ASSAULT/BATTERY MISD.    5/13/17 0:00    37.865748, -122.253396
5476    17026183    THEFT FROM PERSON    5/9/17 0:00    37.857409, -122.268473
5487    17036370    GUN/WEAPON    6/24/17 0:00    37.86317, -122.259572
5505    17027357    ASSAULT/BATTERY FEL.    5/14/17 0:00    37.855435, -122.259841
5514    17053009    ROBBERY    9/5/17 0:00    37.849672, -122.278231
5520    17020027    GUN/WEAPON    4/10/17 0:00    37.848834, -122.277899
5529    17041291    ASSAULT/BATTERY MISD.    7/16/17 0:00    37.865121, -122.258455
5539    17022802    ASSAULT/BATTERY MISD.    4/24/17 0:00    37.869385, -122.28953
5545    17033272    ASSAULT/BATTERY MISD.    6/10/17 0:00    37.856111, -122.260248
5554    17022971    ASSAULT/BATTERY MISD.    4/25/17 0:00    37.854442, -122.277107
5557    17030546    MISSING ADULT    5/29/17 0:00    37.861265, -122.26698
5559    17049739    ASSAULT/BATTERY FEL.    8/23/17 0:00    37.871167, -122.268285
5566    17055249    ASSAULT/BATTERY MISD.    9/13/17 0:00    37.860225, -122.269453
5585    17050508    GUN/WEAPON    8/26/17 0:00    37.858646, -122.292392
5588    17048992    MISSING ADULT    8/19/17 0:00    37.848152, -122.275807
5597    17026800    ROBBERY    5/12/17 0:00    37.865797, -122.252741
5605    17051029    ASSAULT/BATTERY MISD.    8/28/17 0:00    37.873687, -122.268616
5611    17054866    ROBBERY    9/6/17 0:00    37.855964, -122.283114
5617    17030919    ROBBERY    5/30/17 0:00    37.855651, -122.255006
5630    17023446    MISSING ADULT    4/25/17 0:00    37.853552, -122.268286
5639    17032872    ASSAULT/BATTERY MISD.    6/8/17 0:00    37.878112, -122.269114
5645    17040094    ASSAULT/BATTERY MISD.    7/11/17 0:00    37.868641, -122.29415
